	F0	Both	F5	primary	F0_primary	F5_primary	F0_F5	All	avg_read_depth
KRAS	0	6	0	0	0	0	0	2	250.75
NCOR2	0	6	0	0	0	0	0	2	54.58333333333333
MUC4;MUC4	1	5	0	0	1	0	0	1	99.20833333333334
OR11G2	1	5	0	0	0	0	0	2	93.41666666666667
CCDC180	0	5	0	0	0	0	0	0	56.2
CBWD1	0	4	2	0	0	0	0	2	178.3125
MARF1	2	4	1	0	0	0	0	1	105.33333333333334
GOLGA8M	0	4	1	0	1	1	0	0	33.714285714285715
DNHD1	0	4	2	0	0	0	0	2	72.22083333333333
FBRSL1	0	4	0	0	1	1	0	0	47.708333333333336
WDR66	1	4	0	0	0	0	0	2	49.95238095238095
TSPYL1	0	4	0	0	0	0	0	2	258.13888888888886
TBC1D29	0	3	1	0	0	1	0	0	235.1
ARHGEF11;ETV3L	2	3	1	0	0	0	0	1	72.4047619047619
PHF2	0	3	0	0	1	0	0	1	37.2
GOLGA6D	1	3	1	0	0	1	1	0	332.57142857142856
CGB8	0	3	0	0	0	0	0	1	66.25
MROH8;MROH8	1	3	0	0	0	1	0	0	36.1
TTN	0	3	0	1	0	0	0	0	344.375
PTEN	0	3	0	0	0	0	0	1	107.20833333333333
DNAH3	0	2	0	0	0	0	0	0	121.25
FMNL2	1	2	1	1	0	0	0	1	28.222222222222225
POTEI	0	2	3	0	1	0	0	1	341.40476190476187
RPS3A	1	2	0	0	0	0	0	1	141.04166666666669
CHIT1	1	2	0	0	0	1	0	0	42.625
OR2M5	0	2	1	1	0	0	0	0	354.25
ECEL1	0	2	0	0	0	0	0	0	36.5
BRCA1	0	2	0	0	0	0	0	1	66.44444444444444
CA8	0	2	0	0	0	0	0	1	141.16666666666666
FAM161B	0	2	0	0	0	0	0	0	105.75
ACIN1	0	2	0	0	0	0	0	2	33.0
SMAD4	0	2	0	0	0	0	0	1	86.44444444444446
DDX11;FAM60A	1	2	0	0	0	1	0	0	139.125
PARP4	0	2	0	0	0	0	0	0	46.5
ASPN	0	2	0	0	0	0	0	0	48.0
PRELID3B	1	2	2	0	0	0	1	0	140.66666666666666
AUTS2	0	2	0	0	0	0	0	0	60.25
NEB	1	2	0	0	0	0	0	0	182.16666666666666
ARL5A	0	2	0	0	0	0	0	0	94.75
DUSP27	0	2	0	0	0	0	0	0	120.25
HCLS1	0	2	0	0	0	0	0	0	47.0
OR10H1	0	2	0	0	0	0	0	0	53.25
RPL34	0	2	0	0	0	0	0	0	271.5
PIK3CA	0	2	1	1	0	1	0	0	22.3
EEF2KMT	0	2	0	0	0	0	0	0	238.25
MAP6	0	1	0	0	0	0	0	0	64.0
VEZF1	0	1	0	0	0	0	0	0	57.0
BCL9L	0	1	0	0	0	0	0	0	66.0
IFT172	0	1	0	0	0	0	0	0	163.5
SMAD3	0	1	0	0	0	0	0	0	37.5
TAMM41	0	1	0	0	0	0	0	0	88.0
BRSK2	0	1	0	0	0	0	0	0	37.0
TTLL10	0	1	0	0	0	0	0	0	159.5
NPHP4	0	1	0	0	0	0	0	0	36.0
DERA	0	1	0	0	0	0	0	0	23.5
EOGT	0	1	0	0	0	0	0	0	49.0
ATN1	1	1	0	0	0	0	1	0	65.33333333333333
HEXDC	0	1	0	0	0	0	0	0	35.0
METTL7A	0	1	0	0	0	0	0	0	101.0
TMTC1	0	1	0	0	0	0	0	0	81.5
SLC26A1	0	1	0	0	0	0	0	0	36.0
IL26	0	1	0	0	0	0	0	0	64.0
PXDN	0	1	0	0	0	0	0	0	103.0
PPP1R21	0	1	0	0	0	0	0	0	119.5
PCNT	0	1	0	0	0	0	0	0	57.75
KRTAP19-3	0	1	0	0	0	0	0	0	103.5
OLFM4	0	1	0	0	0	0	0	0	49.0
CAPN15	0	1	0	0	0	0	0	0	91.5
LILRA4	1	1	1	0	0	0	0	0	286.3333333333333
OR2G3	0	1	0	0	0	0	0	0	167.0
PLD5	0	1	0	0	0	0	0	0	79.5
APBA3	0	1	0	0	0	0	0	1	44.166666666666664
C1QTNF1	0	1	0	0	0	0	0	0	55.0
ESPN	0	1	0	0	0	0	0	0	56.0
ABRAXAS2	1	1	0	0	0	0	0	0	105.5
C8B	0	1	0	0	0	0	0	0	114.0
DLEC1	0	1	0	0	0	0	0	0	152.0
CFAP100	0	1	0	0	0	0	0	0	21.5
GMPS	0	1	0	0	0	0	0	0	204.0
PLEKHG4B	0	1	0	0	0	0	0	0	153.0
CDKN2A	1	1	0	0	0	0	0	1	57.27777777777777
ZNF366	0	1	0	0	0	0	0	0	51.0
ADGRV1	0	1	0	0	0	0	0	0	296.25
PLEKHG1	0	1	0	0	0	0	0	0	73.0
AFDN	0	1	0	0	0	0	0	0	195.0
CNTNAP2	0	1	0	0	0	0	0	0	352.5
RP1L1	0	1	1	0	0	0	0	0	209.25
MTMR9	0	1	0	0	0	0	0	0	258.0
MAGEA1	0	1	0	0	0	0	0	1	57.75
VPS13B	0	1	0	0	0	0	0	0	623.5
CNTNAP3B	0	1	0	0	0	0	0	0	20.5
IER5L	0	1	0	0	0	0	0	0	51.5
ASPM	0	1	0	0	0	0	0	0	129.0
KLK10	0	1	0	1	0	1	0	0	45.5
SDCCAG3	0	1	0	0	0	0	0	0	258.0
ZNF527	0	1	0	0	0	0	0	1	127.08333333333334
WDR62	0	1	0	0	0	0	0	2	180.66666666666666
DNALI1	0	1	0	0	0	0	0	0	57.0
TNR	0	1	0	0	0	0	0	0	54.0
PDZD8	0	1	0	0	0	0	0	0	40.5
PLEKHH2	0	1	0	0	0	0	0	0	74.0
SLK	0	1	0	0	0	0	0	0	36.0
SYT15	0	1	0	0	0	0	0	0	96.0
AKR7A3	0	1	0	0	0	0	0	0	129.0
ATP13A2	0	1	0	0	0	0	0	0	146.0
C9orf50	0	1	0	0	0	0	0	0	40.5
RABEPK	0	1	0	0	0	0	0	0	25.0
TAF1L	0	1	1	0	0	0	0	0	67.75
CCDC171	0	1	0	0	0	0	0	0	37.0
AMY2B	0	1	0	0	0	0	0	0	534.0
EFCAB1	0	1	0	0	0	0	0	0	119.5
HOXA7	0	1	0	0	0	0	0	0	99.0
FAM170A	0	1	0	0	0	0	0	0	54.5
CDH9	0	1	0	0	0	0	0	0	128.0
FAM193A	0	1	0	0	0	0	0	0	56.0
ESYT3	0	1	0	0	0	0	0	0	56.0
HMCN1	1	1	0	0	0	0	0	0	445.5
SEC13	0	1	0	0	0	0	0	0	52.0
VHL	0	1	0	0	0	0	0	0	54.5
DNAH7	0	1	0	0	0	0	0	0	36.5
SLC4A10	0	1	0	0	0	0	0	0	73.0
LRP1B	0	1	0	0	0	0	0	0	47.5
PRAMEF11	0	1	0	0	0	0	0	0	159.5
RPS18	0	1	1	0	0	1	0	0	146.83333333333334
WDR47	0	1	0	0	0	0	0	0	44.0
ABCA2	0	1	0	0	0	0	0	0	25.5
ITPKB	0	1	0	0	0	0	0	0	97.5
ZFHX4	0	1	0	0	0	0	0	0	57.5
ADAM22	0	1	0	0	0	0	0	0	135.0
UNC93A	1	1	2	0	0	0	1	0	101.1
SPACA1	0	1	0	0	0	0	0	0	48.0
FBN2	0	1	0	0	0	0	0	0	41.0
C2orf76	0	1	0	0	0	0	0	0	55.5
SCN10A	0	1	1	0	0	0	0	0	61.0
OBSL1	0	1	0	0	0	0	0	0	28.0
PTH2R	0	1	0	0	0	0	0	0	35.5
NLRP3	0	1	0	0	0	0	0	0	89.0
ASTN1	0	1	0	0	0	0	0	0	54.0
CMPK1	0	1	0	0	0	0	0	0	30.666666666666668
MAGI1	0	1	0	0	0	0	1	0	67.75
MIR2114;MAMLD1	0	1	0	0	0	0	0	0	178.0
VAV1	0	1	0	0	0	0	0	0	124.5
POLG	1	1	0	0	0	0	0	0	141.5
PPL	0	1	0	0	0	0	0	0	88.5
CHAMP1	0	1	0	0	0	0	0	0	141.5
KANK4	0	1	0	0	0	0	0	0	65.5
ARMC4	0	1	0	0	0	0	0	0	57.5
BAIAP3	0	1	0	0	0	0	0	0	31.0
DCLRE1A	0	1	0	0	0	0	0	0	142.5
ZNF506	0	1	0	0	0	0	0	0	139.0
ZNF630	0	1	0	0	0	0	0	0	82.0
CYLC1	0	1	0	0	0	0	0	0	91.5
ZNF763	0	1	1	0	0	0	0	1	144.66666666666666
ATP2B3	0	1	0	0	0	0	0	0	55.0
FBN3	0	1	0	0	0	0	0	0	45.5
AZU1	0	1	0	0	0	0	0	0	98.0
ALPK2	0	1	0	0	0	0	0	0	38.0
RNF213	0	1	0	0	0	0	0	0	265.5
RNF43	0	1	0	0	0	0	0	0	31.5
ACACA	0	1	0	0	0	0	0	1	105.33333333333334
POGK	0	1	0	0	0	0	0	0	74.5
DOK4	0	1	0	0	0	0	0	0	23.0
SF3B1	0	1	0	0	0	0	0	0	45.5
VSIG1	0	1	0	0	0	0	0	0	52.0
C14orf177	0	1	1	0	0	0	0	0	83.25
GZMB	0	1	0	0	0	0	0	0	77.0
PPHLN1	0	1	0	0	0	0	0	0	118.5
ANO2	0	1	0	0	0	0	0	0	84.5
OR2C1	0	1	0	0	0	0	0	0	76.0
ACTR1A	0	1	1	1	0	0	0	0	21.166666666666668
CPB1	0	1	0	0	0	0	0	0	140.5
CNOT4	0	1	0	0	0	0	0	0	231.0
FLNC	0	1	0	0	0	0	0	0	88.0
CDK6	0	1	0	0	0	0	0	0	112.0
ZMIZ2	0	1	0	0	0	0	0	0	159.0
RLN2	0	1	0	0	0	0	0	0	161.0
FOXD4	0	1	0	1	0	0	0	0	261.0
TRIM50	0	1	1	0	0	0	0	0	339.25
CAMK2B	0	1	0	0	0	0	0	0	24.0
PNLIPRP3	0	1	0	0	0	0	0	1	146.66666666666669
KLF3	0	1	0	0	0	0	0	0	58.5
SLC35F1	0	1	0	0	0	0	0	0	364.0
RHO	0	1	0	0	0	0	0	0	142.0
LMAN2	0	1	0	0	0	0	0	0	184.0
FRMD4B	0	1	0	0	0	0	0	0	171.0
RIF1	0	1	0	0	0	0	0	0	44.333333333333336
CCDC39	0	1	0	0	0	0	0	0	45.5
WDR49	0	1	0	0	0	0	0	0	228.0
HHAT	0	1	0	0	0	0	0	0	131.5
DIEXF	0	1	0	0	0	0	0	0	62.5
RC3H1	0	1	0	0	0	0	0	0	118.5
OR52K1	0	1	0	0	0	0	0	0	131.5
CARNS1	0	1	0	0	0	0	0	0	102.0
ATP10A	0	1	0	0	0	0	0	0	156.0
PTPRQ	0	1	0	0	0	0	0	0	26.0
SMC2	0	1	0	0	0	0	0	0	134.5
AJUBA	0	1	0	0	0	0	0	0	201.0
TFAP2B	0	1	0	0	0	0	0	0	51.5
PDS5B	0	1	0	0	0	0	0	0	78.0
CDR1	0	1	0	0	0	0	0	0	244.5
FAT3	0	1	0	0	0	0	0	0	311.5
FAM118A	0	1	0	0	0	0	0	0	168.5
EPN1	0	1	0	0	0	0	0	0	176.5
GTF2F1	0	1	0	0	0	0	0	0	137.0
ACER1	0	1	0	0	0	0	0	0	50.0
TCHH	1	1	0	0	0	0	1	0	193.66666666666666
DNAH9	0	1	0	0	0	0	0	0	19.0
USP7	0	1	0	0	0	0	0	0	38.0
TPSD1	1	1	0	0	0	0	0	0	24.0
GOLGA8EP	0	1	0	0	0	0	0	0	99.0
DDX51	0	1	0	0	0	0	0	0	100.5
HCAR3	0	1	0	0	0	0	0	0	172.0
C9orf84	0	1	0	0	0	0	0	0	75.0
STAB2	0	1	0	0	0	0	0	0	52.5
BMS1	1	1	0	0	0	0	0	0	107.0
HYKK	0	1	0	0	0	0	0	1	68.5
MEN1	0	1	0	0	0	0	0	0	150.5
NUF2	0	1	0	0	0	0	0	0	130.5
IGLL5	0	1	0	0	0	0	0	0	213.5
OR10G8	0	1	0	0	0	0	0	0	61.5
HSPBP1	0	1	0	0	0	0	0	0	36.0
PARG	1	1	1	0	1	0	0	0	53.25
SMARCA4	0	1	0	0	0	0	0	0	215.5
GNAS	0	1	0	0	0	0	0	0	184.5
THAP10	0	1	0	0	0	0	0	0	201.0
SLC6A13	0	1	0	0	0	0	0	0	53.0
AHNAK2	2	1	2	0	0	0	0	1	276.1666666666667
DNMBP	0	1	0	0	0	0	0	0	151.5
AGPAT2	0	1	0	0	0	0	0	0	60.5
SMO	0	1	0	0	0	0	0	0	82.0
GAS8	0	1	0	0	0	0	0	0	64.5
TP53	3	1	0	0	0	0	0	1	91.1
TTLL2	0	1	0	0	0	0	0	0	42.0
PTK7	0	1	0	0	0	0	0	0	149.0
PCDHGA2	0	1	0	0	0	0	0	0	200.0
ZNF43	1	1	2	0	0	0	0	0	298.5833333333333
APC	0	1	0	0	0	0	0	0	518.5
SPEF2	0	1	0	0	0	0	0	0	109.0
HECW2	0	1	0	0	0	0	0	0	41.5
ZNF804A	0	1	0	0	0	0	0	0	141.0
TARBP1	0	1	0	0	0	0	0	0	44.333333333333336
KREMEN1	0	1	0	0	0	0	0	0	126.0
PHOX2B	0	1	0	0	0	0	0	0	97.5
OGDH	1	1	0	0	0	0	0	0	40.75
JAK3	0	1	0	0	0	0	0	0	21.5
DLG5	1	1	0	0	0	0	0	0	95.0
HSPD1	3	1	1	0	0	0	1	0	120.66666666666667
PCDHA6	0	1	2	0	0	0	0	0	376.6666666666667
MUC12	1	1	1	0	0	0	0	1	43.1
PPP1R3A	0	1	0	0	0	0	0	0	364.5
ARHGAP39	0	1	0	0	0	0	0	0	43.0
RAD23B	0	1	0	0	0	0	1	0	26.0
CNTRL	0	1	0	0	0	0	0	0	93.0
OR1L4	0	1	1	0	0	0	1	0	177.66666666666666
DCC	0	1	0	1	0	0	0	1	143.5
ZNF85	1	1	0	0	0	0	0	0	134.0
MANEA	1	1	0	0	0	0	0	0	53.0
ZNF302	0	1	0	0	0	0	0	1	70.33333333333333
MSN	0	1	0	0	0	0	1	1	73.0
LCE4A	2	1	1	0	0	0	0	2	93.91666666666667
LCE1F	0	1	0	0	0	0	0	0	47.0
FAM86DP	0	1	0	0	0	0	0	0	201.5
KRTAP5-11;FAM86C1	2	1	1	0	0	1	1	0	47.166666666666664
DDX12P	0	1	1	0	0	0	0	1	95.86666666666667
EP400	2	1	2	0	0	0	0	0	118.5
NBEA	0	1	0	0	0	0	0	0	126.0
MST1	1	1	0	0	0	0	0	0	95.0
ABCB10	0	1	0	0	0	0	0	0	62.0
NLRP13	0	1	0	0	0	0	0	0	133.5
EHD2	0	1	0	0	0	0	0	0	30.0
OBSCN	0	1	0	0	0	0	0	1	130.91666666666669
TNRC6B	0	1	0	0	0	0	0	0	29.0
CRELD2	0	1	0	0	0	0	0	0	30.0
SMG1	0	1	0	0	0	0	0	0	344.0
HELZ2	0	1	0	0	0	0	0	0	62.5
MIR662;RPUSD1	0	1	0	0	0	0	0	0	90.5
DNMT3B	1	1	0	0	0	0	0	0	274.75
NUS1	0	1	2	0	1	0	0	1	90.26666666666667
KDELC1	0	1	0	0	0	0	0	0	161.5
DPCR1	0	1	3	0	0	1	0	0	148.9
CNKSR1	0	1	0	0	0	0	0	0	87.5
ADRA2B;ADRA2B	0	1	2	0	0	0	0	0	18.5
ADCY7	0	1	0	0	0	0	0	0	106.0
CASC3	0	1	0	0	0	0	0	0	34.0
LRMP	0	1	0	0	0	0	0	0	208.5
GOLGA6L5P	0	1	0	0	0	0	0	0	19.5
AKR7L	0	1	0	0	0	1	0	0	284.75
LILRB4	0	1	0	0	0	0	0	0	250.5
ZNF99	0	1	0	0	0	0	0	0	377.0
EPB41L3	0	1	0	0	0	0	0	0	100.5
ADM5	0	1	0	0	0	0	0	0	163.5
TSPOAP1	0	1	0	0	0	0	0	0	74.0
KBTBD8	0	0	0	0	0	1	0	0	173.0
FDXACB1	0	0	0	0	0	0	0	1	55.0
ZNF28	0	0	0	1	0	0	0	0	183.0
AGGF1	0	0	0	0	0	0	0	1	288.0
TTC37	1	0	1	0	0	0	0	0	124.5
GLP1R	0	0	0	0	0	0	0	1	83.0
SLC43A1	0	0	0	0	0	0	0	1	21.0
ITGA2B	1	0	0	0	0	0	0	0	65.0
ZMIZ1	0	0	0	0	0	0	0	1	93.33333333333333
SLCO4A1	0	0	0	1	0	0	0	0	18.0
EYS	0	0	0	0	0	0	0	1	50.333333333333336
PCLO	0	0	0	0	0	0	0	1	209.66666666666666
PLXNA4	0	0	0	0	0	0	0	1	405.3333333333333
GTF2A1L;STON1-GTF2A1L	0	0	0	1	0	0	0	0	91.0
ADAM28	0	0	0	0	0	0	0	1	112.0
C12orf50	1	0	0	0	0	0	0	0	128.0
ASTN2	0	0	0	0	0	0	0	1	99.66666666666667
CEL	0	0	0	0	1	0	0	0	169.5
MYOZ1	0	0	0	0	0	0	0	1	124.0
VSTM4	0	0	0	0	0	0	0	1	201.33333333333334
EXD3	0	0	0	0	0	0	0	1	48.666666666666664
TENM3	0	0	0	0	0	0	0	1	57.666666666666664
SLC22A14	0	0	0	0	0	0	0	1	51.0
GAK	0	0	0	0	0	0	0	1	91.66666666666667
POLR2J3	0	0	0	0	0	0	0	0	
GPR162	0	0	0	0	0	0	0	0	
DDX25	0	0	0	0	0	0	0	0	
IDO1	0	0	0	0	0	0	0	0	
COPB2	0	0	0	0	0	0	0	0	
ZNF347	0	0	0	0	0	0	0	0	
ZNF100	0	0	0	0	0	0	0	0	
PAPPA2	0	0	0	1	0	0	0	0	193.0
PRR23C	0	0	0	0	0	0	1	0	35.0
KCNN3	0	0	0	1	0	0	0	0	132.0
HAVCR2	0	0	0	0	0	0	0	0	
FBXL20	1	0	0	0	0	0	0	0	85.0
TYR	1	0	0	0	0	0	0	0	119.0
AGBL2	1	0	0	0	0	0	0	0	76.0
SHC3	1	0	0	0	0	0	0	0	18.0
MOCOS	0	0	0	0	0	0	0	0	
CHGB	0	0	0	0	0	0	0	0	
NUP50	1	0	0	0	0	0	0	0	24.0
PHKA2	0	0	0	0	0	0	0	0	
HYI	0	0	0	0	0	0	0	1	32.333333333333336
FCRL5	0	0	0	0	0	0	0	1	71.66666666666667
ZP4	0	0	0	0	0	0	0	1	61.333333333333336
DDX1	0	0	0	0	0	0	0	1	88.66666666666667
APOB	0	0	0	0	0	0	0	1	126.0
GEMIN8	0	0	0	1	0	0	0	0	51.0
MRPS5	0	0	0	0	0	0	0	1	62.666666666666664
IL1R2	0	0	0	0	0	0	0	1	97.66666666666667
CARD10	0	0	0	1	0	0	0	0	93.0
GPR17	0	0	0	0	0	0	0	1	21.0
MYO3B	1	0	0	0	0	0	0	0	147.0
IRX4	0	0	0	1	0	0	0	0	113.0
MAATS1	0	0	0	0	0	0	0	1	39.0
KRT18	1	0	0	0	0	0	0	0	93.0
YBX1	0	0	1	1	0	0	0	0	228.0
TPCN1	0	0	0	0	0	0	0	1	81.33333333333333
PDXDC1	0	0	0	0	0	1	0	0	120.5
GLYR1	0	0	0	0	0	0	0	1	35.666666666666664
ELAC2	1	0	0	0	0	0	0	0	22.0
COL5A2	1	0	0	0	0	0	0	0	429.0
WIPI1	1	0	0	0	0	0	0	0	56.0
TLN2	0	0	0	1	0	0	0	0	206.0
ASXL1	1	0	0	0	0	0	0	0	105.0
ITGBL1	0	0	0	1	0	0	0	0	166.0
CLCNKA	0	0	0	0	0	0	0	0	
NUFIP1	0	0	0	1	0	0	0	0	44.0
RIMBP2	0	0	0	0	0	1	0	0	251.0
GLDC	0	0	0	1	0	0	0	0	276.0
BCL10	0	0	0	0	0	0	0	0	
COL22A1	0	0	0	0	0	1	0	0	248.0
ANGEL2	0	0	0	0	0	0	0	0	
FRYL	0	0	0	0	0	1	0	0	357.0
RXFP1	0	0	0	0	0	0	0	0	
IL17RC	0	0	0	1	0	0	0	0	75.0
RPS24	0	0	0	0	0	0	0	0	
CYP4F11	0	0	0	0	0	0	0	0	
POTEF	0	0	0	1	0	0	0	0	149.0
RHOQ	0	0	0	1	0	0	0	0	169.0
NUDT10	0	0	0	0	0	0	0	0	
ARV1	0	0	0	1	0	0	0	0	318.0
SPRR1B	0	0	0	1	0	0	0	0	351.0
RTN4	0	0	0	0	0	0	0	0	
DST	0	0	0	0	0	0	0	0	
GTF2H1	0	0	0	0	0	0	0	0	
GRN	0	0	0	0	0	0	0	0	
ANKRD27	0	0	0	0	0	0	0	0	
ZSWIM5	1	0	0	0	0	0	0	0	67.0
ARRDC4	1	0	0	0	0	0	0	0	111.0
ZFHX2	0	0	0	0	0	0	0	1	158.66666666666666
ZNF518A	1	0	0	0	0	0	0	0	104.0
SPPL2B	0	0	0	0	0	1	0	0	125.0
MIA2	0	0	0	0	0	0	0	1	107.33333333333333
CSNK2A1	0	0	0	0	0	0	0	0	
PAQR4	0	0	0	0	0	0	0	1	28.666666666666668
CARMIL2	0	0	0	0	0	0	0	1	32.333333333333336
HYDIN	0	0	0	0	1	0	0	0	21.0
ZFHX3	0	0	0	0	0	0	0	1	53.0
PLCG2	0	0	0	0	0	0	1	0	50.5
ABCA10	0	0	0	0	0	0	0	1	73.33333333333333
POTEC	0	0	1	0	0	0	1	0	205.25
CEACAM1	1	0	0	0	0	0	0	0	131.0
PSG8	0	0	0	0	0	0	0	1	181.33333333333334
LILRA3	1	0	0	0	0	0	0	0	78.0
ZNF417	0	0	0	0	0	0	0	1	31.666666666666668
CTCFL	0	0	0	0	0	0	0	1	61.666666666666664
LAMA5	0	0	0	0	0	0	0	1	33.333333333333336
RIMBP3	1	0	0	0	0	0	0	0	18.0
LARGE1	0	0	0	0	0	0	0	1	58.666666666666664
CSF2RA	0	0	0	0	0	0	0	1	125.66666666666667
SETD2	2	0	0	0	0	0	0	0	90.0
MRPS22	0	0	0	0	0	0	0	1	330.3333333333333
ZNF311	1	0	0	0	0	0	0	0	224.0
RGS3	0	0	0	1	0	0	0	0	126.0
GPR82	0	0	0	1	0	0	0	0	161.0
TUBG1	0	0	0	1	0	0	0	0	75.0
MMS22L	1	0	0	0	0	0	0	0	64.0
NONE;SPRY3	0	0	0	1	0	0	0	0	16.0
KRTAP9-4	0	0	0	1	0	0	0	0	135.0
PDIA4	1	0	0	0	0	0	0	0	390.0
ZC3H3	1	0	0	0	0	0	0	0	31.0
SAMD11	0	0	0	0	0	0	0	0	
DGCR6	1	0	0	0	0	0	0	0	40.0
CDH13	0	0	0	0	0	0	0	0	
KLHL14	1	0	0	0	0	0	0	0	336.0
TSHZ3	1	0	0	0	0	0	0	0	375.0
MDN1	1	0	0	0	0	0	0	0	110.0
IL22RA2	1	0	0	0	0	0	0	0	40.0
ZFPM2	1	0	0	0	0	0	0	0	356.0
OR4S1	1	0	0	0	0	0	0	0	80.0
SLITRK1	1	0	0	0	0	0	0	0	97.0
GLG1	1	0	0	0	0	0	0	0	130.0
SYNPO2L	0	0	0	0	0	0	0	0	
MIS18BP1	0	0	0	0	0	0	0	0	
RNF112	0	0	0	0	0	0	0	0	
COL5A1	1	0	1	0	0	0	0	0	85.0
KRTDAP	0	0	0	0	0	0	0	0	
AASS	0	0	0	0	0	0	0	0	
SH3PXD2A	0	0	0	0	0	0	0	0	
CCDC57	0	0	0	0	0	0	0	0	
ATAD3B	1	0	0	0	0	0	0	0	90.0
HIST2H2AC	1	0	0	0	0	0	0	0	227.0
DYNC1I2	1	0	0	0	0	0	0	0	143.0
AARS2	1	0	0	0	0	0	0	0	154.0
NYAP1	1	0	0	0	0	0	0	0	64.0
KANK1	1	0	0	0	0	0	0	0	131.0
SLC38A10	1	0	0	0	0	0	0	0	43.0
UBBP4	1	0	0	0	0	0	0	0	324.0
SPSB3	1	0	0	0	0	0	0	0	52.0
RAP1B	1	0	0	0	0	0	0	0	130.0
CAPRIN1	0	0	0	0	0	0	0	0	
FAM90A1	0	0	0	0	0	0	0	0	
ELK3	0	0	0	0	0	0	0	0	
DYNC1H1	0	0	0	0	0	0	0	0	
SPTBN5	0	0	0	0	0	0	0	0	
CREBBP	0	0	0	0	0	0	0	0	
ZNF257	0	0	0	0	0	0	0	0	
SEC23B	0	0	0	0	0	0	0	0	
KDM6A	0	0	0	0	0	0	0	0	
GPC3	0	0	0	0	0	0	0	0	
LIX1L	1	0	0	0	0	0	0	0	18.0
HS6ST1	1	0	0	0	0	0	0	0	59.0
TET2	1	0	0	0	0	0	0	0	93.0
MTNR1A	1	0	0	0	0	0	0	0	177.0
PCDHA3	1	0	0	0	0	0	0	0	356.0
PCDHA10	1	0	1	0	0	0	0	0	274.5
ZNF727	1	0	0	0	0	0	0	0	210.0
GLE1	1	0	0	0	0	0	0	0	65.0
SFMBT2	1	0	0	0	0	0	0	0	86.0
OR5T3	1	0	0	0	0	0	0	0	114.0
KRT6B	1	0	0	0	0	0	0	0	427.0
GNAQ	1	0	0	0	0	0	0	0	35.0
AKR1C2	1	0	0	0	0	0	0	0	29.0
NUDCD2	1	0	0	0	0	0	0	0	56.0
TAP1	0	0	1	0	0	0	0	0	75.0
SBF1	0	0	0	0	0	0	0	0	
LDOC1;SPANXA2-OT1	0	0	0	0	0	0	0	0	
AGAP4	0	0	1	0	0	0	0	0	16.0
ZNF208	0	0	1	0	0	0	0	0	317.0
SIPA1L3	0	0	1	0	0	0	0	0	88.0
ZNF552	0	0	1	0	0	0	0	0	269.0
ST13	0	0	1	0	0	0	0	0	76.0
OR2B11	0	0	1	0	0	0	0	0	68.0
EN1	0	0	1	0	0	0	0	0	237.0
FAM171B	0	0	1	0	0	0	0	0	83.0
MSC-AS1	0	0	1	0	0	0	0	0	232.0
TENM4	1	0	0	0	0	0	0	0	73.0
PRKACG	0	0	1	0	0	0	0	0	103.0
EGFR	0	0	1	0	0	0	0	0	45.0
B4GALT1	0	0	1	0	0	0	0	0	95.0
ZNF503	0	0	1	0	0	0	0	0	38.0
TTYH2	0	0	1	0	0	0	0	0	15.0
FASN	0	0	1	0	0	0	0	0	31.0
CR1L	0	0	1	0	0	0	0	0	22.0
GNPDA1	0	0	1	0	0	0	0	0	19.0
SNX8	0	0	1	0	0	0	0	0	53.0
ADGRD1	0	0	1	0	0	0	0	0	21.0
SGSM1	0	0	0	0	0	0	0	0	
ZNF93	0	0	0	0	0	0	0	0	
KRT31	0	0	0	0	0	0	0	0	
BBOX1	0	0	0	0	0	0	0	0	
GH2	1	0	0	0	0	0	0	0	291.0
U2AF1;U2AF1L5	1	0	0	0	0	0	0	0	176.0
THEM5	1	0	0	0	0	0	0	0	236.0
STRN	1	0	0	0	0	0	0	0	278.0
PKP4	1	0	0	0	0	0	0	0	265.0
COL28A1	1	0	0	0	0	0	0	0	94.0
BOP1	1	0	0	0	0	0	0	0	243.0
CASP4	1	0	0	0	0	0	0	0	43.0
ZNF626	1	0	0	0	0	0	0	0	216.0
RALGAPA2	0	0	1	0	0	0	0	0	61.0
OR13G1	0	0	1	0	0	0	0	0	99.0
SP3	0	0	1	0	0	0	0	0	85.0
ADAMTS12	0	0	1	0	0	0	0	0	110.0
ZNF92	0	0	0	0	0	0	0	0	
DDX54	0	0	0	0	0	0	0	0	
MAMLD1	0	0	0	0	0	0	0	0	
CFHR4	0	0	0	0	0	0	0	0	
HDLBP	0	0	1	0	0	0	0	0	96.0
MNX1	0	0	0	0	0	0	0	0	
RIC1	0	0	0	0	0	0	0	0	
HRCT1	0	0	0	0	0	0	0	0	
GRM8	0	0	0	0	0	0	0	0	
PCDHA13	0	0	0	0	0	0	0	0	
RFTN2	0	0	0	0	0	0	0	0	
PNPT1	1	0	0	0	0	0	0	0	139.0
AKIRIN2	0	0	1	0	0	0	0	0	113.0
ITIH5	0	0	1	0	0	0	0	0	59.0
OR5P2	0	0	1	0	0	0	0	0	90.0
PREX2	1	0	0	0	0	0	0	0	40.0
FREM2	0	0	1	0	0	0	0	0	353.0
HP	0	0	1	0	0	0	0	0	304.0
TRIM37	0	0	1	0	0	0	0	0	252.0
ZNF431	0	0	1	0	0	0	0	0	203.0
SUPT20HL1	0	0	1	0	0	0	0	0	279.0
CDK11B	1	0	0	0	0	0	0	0	126.0
CRYGD	1	0	0	0	0	0	0	0	138.0
NOTCH2	0	0	0	0	0	0	0	0	
SLC18A2	1	0	0	0	0	0	0	0	80.0
EPX	1	0	0	0	0	0	0	0	179.0
RTEL1	1	0	0	0	0	0	0	0	71.0
CCT8L2	1	0	0	0	0	0	0	0	100.0
CFAP126	1	0	0	0	0	0	0	0	117.0
TNN	1	0	0	0	0	0	0	0	171.0
KCTD18	1	0	0	0	0	0	0	0	94.0
OR5K4	1	0	0	0	0	0	0	0	186.0
TRPS1	1	0	0	0	0	0	0	0	34.0
TNC	1	0	0	0	0	0	0	0	16.0
PCDHA1;PCDHA2;PCDHA3	0	0	1	0	0	0	0	0	40.0
SERINC5	0	0	1	0	0	0	0	0	71.0
MTTP	0	0	1	0	0	0	0	0	222.0
IGSF3	0	0	1	0	0	0	0	0	69.0
GPR158	1	0	0	0	0	0	0	0	110.0
SLAIN1	1	0	0	0	0	0	0	0	61.0
ZFYVE1	1	0	0	0	0	0	0	0	73.0
MYL12A	1	0	0	0	0	0	0	0	41.0
NCOA6	1	0	0	0	0	0	0	0	93.0
TXNRD2	1	0	0	0	0	0	0	0	58.0
CAD	0	0	1	0	0	0	0	0	100.0
NRP2	0	0	1	0	0	0	0	0	183.0
ZBTB20	0	0	1	0	0	0	0	0	110.0
HLA-G	0	0	1	0	0	0	0	0	283.0
WNT2	0	0	1	0	0	0	0	0	345.0
CPSF1	0	0	1	0	0	0	0	0	97.0
MED27	0	0	1	0	0	0	0	0	184.0
CD163L1	0	0	1	0	0	0	0	0	22.0
HERC2P3	0	0	1	0	0	0	0	0	73.0
POTEB;POTEB2;POTEB3	0	0	1	0	0	0	0	0	25.0
CSPG4	0	0	1	0	0	0	0	0	21.0
INO80E	1	0	1	0	0	0	0	0	371.0
CATSPERD	0	0	1	0	0	0	0	0	88.0
LILRA1	1	0	1	0	0	0	0	0	431.0
PDE4B	0	0	1	0	0	0	0	0	79.0
MKI67	1	0	0	0	0	0	0	0	67.0
DPY19L2	1	0	0	0	0	0	0	0	101.0
PCDHA1	0	0	1	0	0	0	0	0	103.0
KRIT1	0	0	0	0	0	0	0	0	
CXCL12	0	0	0	0	0	0	0	0	
MYOF	0	0	0	0	0	0	0	0	
MGEA5	0	0	0	0	0	0	0	0	
OR52I2	0	0	0	0	0	0	0	0	
SYT9	0	0	0	0	0	0	0	0	
ZFPL1	0	0	0	0	0	0	0	0	
GRIA4	0	0	0	0	0	0	0	0	
CLSTN3	0	0	0	0	0	0	0	0	
DNAH10	0	0	0	0	0	0	0	0	
IL25	0	0	0	0	0	0	0	0	
PLEKHG4	0	0	0	0	0	0	0	0	
MLKL	0	0	0	0	0	0	0	0	
ALDH3A2	0	0	0	0	0	0	0	0	
CSH2	0	0	0	0	0	0	0	0	
LOC101927168;ARHGAP28	0	0	0	0	0	0	0	0	
MYO5B	0	0	0	0	0	0	0	0	
DOT1L	0	0	0	0	0	0	0	0	
ZNF230	0	0	0	0	0	0	0	0	
ZNF611	0	0	0	0	0	0	0	0	
PRDM16	0	0	0	0	0	0	0	0	
NTNG1	0	0	0	0	0	0	0	0	
CEP41	0	0	0	0	0	0	0	0	
RADIL	0	0	0	0	0	0	0	0	
TRIM48	0	0	1	0	0	0	0	0	81.0
LAMA2	0	0	0	0	0	0	0	0	
H1FNT	0	0	1	0	0	0	0	0	20.0
KRT6A	0	0	1	0	0	0	0	0	240.0
BRAP	0	0	1	0	0	0	0	0	91.0
UBC	0	0	1	0	0	0	0	0	201.0
ATP13A1	0	0	1	0	0	0	0	0	31.0
IL10RB	0	0	1	0	0	0	0	0	111.0
GPM6B	0	0	1	0	0	0	0	0	67.0
NUP133	0	0	1	0	0	0	0	0	50.0
UNC13C	0	0	1	0	0	0	0	0	43.0
FLG	1	0	0	0	0	0	0	0	559.0
HHIPL2	0	0	0	0	0	0	0	0	
GNPAT	0	0	0	0	0	0	0	0	
CNST	0	0	0	0	0	0	0	0	
AFTPH	0	0	0	0	0	0	0	0	
DOCK10	0	0	0	0	0	0	0	0	
CNTN4	0	0	0	0	0	0	0	0	
CLDN18	0	0	0	0	0	0	0	0	
GRXCR1	0	0	0	0	0	0	0	0	
PDGFRA	0	0	0	0	0	0	0	0	
KIF3A	0	0	0	0	0	0	0	0	
TRIM41	0	0	0	0	0	0	0	0	
DENND3	1	0	0	0	0	0	0	0	68.0
ZIK1	0	0	2	0	0	0	0	0	739.5
EPHA6	1	0	0	0	0	0	0	0	68.0
ZBTB33	1	0	0	0	0	0	0	0	57.0
KIF26B	0	0	0	0	1	0	0	0	132.0
LRRTM1	0	0	0	1	0	0	0	0	20.0
C2CD6	0	0	0	0	0	0	0	1	204.33333333333334
DIS3L2	0	0	1	1	0	0	0	0	99.0
SETD5	0	0	0	1	0	0	0	0	513.0
PCDHA8	0	0	1	0	1	0	0	0	296.25
PCDHB4	0	0	0	0	0	0	0	1	310.6666666666667
HK3	0	0	0	1	0	0	0	0	33.0
KIF13A	0	0	0	1	0	0	0	0	60.0
NT5C3A	0	0	0	0	0	0	0	1	251.0
GIMAP8	0	0	0	0	0	0	0	1	270.0
FAM86B1	0	0	0	0	0	0	0	1	64.0
NEFM	0	0	0	0	0	0	0	1	306.0
SLC25A51	0	0	0	0	0	0	0	1	122.33333333333333
SPATA31E1	0	0	0	0	0	0	0	1	57.0
ACTL7A	0	0	0	1	0	0	0	0	51.0
RABL6	0	0	0	0	0	0	0	1	62.333333333333336
PRG2	0	0	0	1	0	0	0	0	47.0
PRDM10	0	0	0	0	0	1	0	0	30.0
CAPRIN2	0	0	0	1	0	0	0	0	81.0
CCDC168	0	0	1	1	0	0	0	0	197.5
IKBKE	0	0	0	0	0	0	0	1	64.66666666666667
NBPF15	1	0	0	1	0	0	0	0	174.5
TEKT2	0	0	0	0	0	0	0	1	408.0
TTL	0	0	0	0	0	0	0	0	
TRIP10	0	0	0	0	0	0	0	0	
KMT2B	0	0	0	0	0	0	0	0	
ZNF468	0	0	2	0	0	0	0	0	124.5
LILRA5	0	0	0	0	0	0	0	0	
ESF1	0	0	0	0	0	0	0	0	
NPEPL1	0	0	0	0	0	0	0	0	
CCDC116	0	0	0	0	0	0	0	0	
FAM47A	0	0	0	0	0	0	0	1	118.66666666666667
TLR5	0	0	0	0	0	0	0	0	
STK32B	0	0	0	0	0	0	0	0	
COL4A6	0	0	0	0	0	0	0	0	
FAT1	0	0	0	0	0	0	0	0	
SKIDA1	0	0	0	1	0	0	0	0	26.0
KRT3	0	0	0	0	0	0	0	0	
PCSK6	0	0	0	0	0	0	0	0	
ZNF91	0	0	0	0	0	0	0	0	
ZFP30	0	0	0	0	0	0	0	0	
SOGA1	1	0	0	0	0	0	0	0	30.0
SLC7A4	0	0	0	0	0	0	0	0	
EIF2S3	0	0	0	0	0	0	0	0	
HNRNPC	1	0	1	1	0	0	0	0	378.6666666666667
GNG2	0	0	0	0	0	0	0	1	33.333333333333336
NOX5	0	0	0	0	0	0	0	1	97.66666666666667
MRPL10	0	0	0	1	0	0	0	0	114.0
CUL7	0	0	0	0	0	0	0	1	324.6666666666667
CARD11	0	0	0	1	0	0	0	0	129.0
FGF20	0	0	0	1	0	0	0	0	91.0
OC90	0	0	0	1	0	0	0	0	99.0
SPATA31A3	0	0	0	1	0	0	0	0	47.0
RNASE1	0	0	0	1	0	0	0	0	464.0
GMFB	0	0	0	0	0	0	0	2	75.5
GABRG3	0	0	0	1	0	0	0	0	274.0
DNAAF1	0	0	0	1	0	0	0	0	127.0
ZNF724	0	0	0	1	0	0	0	0	243.0
PCDHA7	1	0	1	2	0	0	0	0	303.0
C19orf33	0	0	0	0	0	0	0	2	240.0
ZNF577	0	0	0	1	0	0	0	0	148.0
HTR2C	0	0	0	1	0	0	0	0	299.0
GABRR3	1	0	0	0	0	0	0	0	95.0
EPPK1	1	0	0	0	0	0	0	0	37.0
SLC34A3	1	0	0	0	0	0	0	0	49.0
ZNF429	1	0	0	0	0	0	0	0	107.0
ZNF676	3	0	1	0	0	1	0	0	216.5
TRANK1	1	0	0	0	0	0	0	0	32.0
PCDHGA6	0	0	0	1	0	0	0	0	94.0
NAV1	0	0	0	1	0	0	0	0	95.0
PAQR5	0	0	0	1	0	0	0	0	55.0
MISP	0	0	0	0	0	0	0	1	38.0
SCAPER	0	0	0	0	0	0	0	1	118.33333333333333
VKORC1	0	0	0	0	0	0	0	1	114.33333333333333
FUS	0	0	0	1	0	0	0	0	69.0
ZNF423	0	0	0	1	0	0	0	0	145.0
WFDC1	0	0	0	1	0	0	0	0	171.0
ARHGAP23	0	0	0	1	0	0	0	0	169.0
GSDMB	0	0	0	0	0	0	0	1	44.0
NPEPPS	0	0	0	1	0	0	0	0	119.0
ASPSCR1	0	0	0	0	0	0	0	1	95.0
FUT3	0	0	0	1	0	0	0	0	218.0
ATP1A2	0	0	1	1	0	0	0	0	226.5
ZNF563	0	0	0	1	0	0	0	0	313.0
CCNE1	0	0	0	0	0	0	0	1	66.66666666666667
FCGBP	0	0	0	1	0	0	0	0	748.0
NCR1	0	0	0	1	0	0	0	0	161.0
POTEH	0	0	0	0	0	0	0	1	28.0
GGT1	1	0	0	0	0	0	0	1	88.33333333333334
CHEK2	1	0	1	1	0	0	0	0	138.0
HMGB3	0	0	0	0	0	0	0	1	113.0
TPM3	0	0	0	0	0	0	0	1	99.0
TCF3	0	0	0	0	0	0	0	0	
PIEZO2	0	0	0	0	0	0	0	0	
KIF18B	0	0	0	0	0	0	0	0	
RYR3	0	0	0	0	0	0	0	0	
WNK2	0	0	0	0	0	0	0	0	
CYLC2	3	0	0	1	0	0	0	0	216.75
PTPN3	0	0	0	0	0	0	0	0	
SEC16A	0	0	0	0	0	0	0	0	
JCAD	1	0	0	0	0	0	0	0	88.0
OR5M10	0	0	0	0	0	0	0	0	
FGF6	0	0	0	0	0	0	0	0	
ANO6	0	0	0	0	0	0	0	0	
UBL3	0	0	0	0	0	0	0	0	
SGK494	0	0	0	0	0	0	0	0	
EN2	0	0	0	0	0	0	0	0	
SLC6A4	0	0	0	0	0	0	0	0	
KRTAP9-2	0	0	0	0	0	0	0	0	
DNM2	0	0	0	0	0	0	0	0	
FARSA	0	0	0	0	0	0	0	0	
CC2D1A	0	0	0	0	0	0	0	0	
ZNF780B	0	0	0	0	0	0	0	0	
SS18L1	0	0	0	0	0	0	0	0	
MX2	0	0	0	0	0	0	0	0	
UBASH3A	0	0	0	0	0	0	0	0	
ADGRB1	0	0	0	0	0	0	0	0	
STEAP2	0	0	0	0	0	0	0	0	
ADGRL3	0	0	0	0	0	0	0	0	
BMP2K	0	0	0	0	0	0	0	0	
OR10Z1	0	0	0	0	0	0	0	0	
AIM2	0	0	0	0	0	0	0	0	
LAMC2	0	0	0	0	0	0	0	0	
CD34	0	0	0	0	0	0	0	0	
H3F3A	0	0	1	1	0	0	0	0	135.5
SNAP47	0	0	0	0	0	0	0	0	
IDH1	0	0	0	0	0	0	0	0	
CFAP65	0	0	0	0	0	0	0	0	
RNF123	0	0	0	0	0	0	0	0	
TNIP3	0	0	0	0	0	0	0	0	
ZNF679	0	0	0	0	0	0	0	0	
FAT4	0	0	0	0	0	0	0	0	
FNIP2	0	0	0	0	0	0	0	0	
ADCY2	2	0	1	0	0	1	0	0	31.875
GNL1	0	0	0	0	0	0	0	0	
TNXB	0	0	0	0	0	0	0	0	
NHSL1	0	0	0	0	0	0	0	0	
CLK2P1	0	0	0	0	0	0	0	0	
STK31	0	0	0	0	0	0	0	0	
ZNF479	0	0	0	0	0	0	0	0	
CACNA1F	1	0	0	0	0	0	0	0	58.0
PDE6A	0	0	0	0	0	0	0	0	
GSDMA	0	0	0	0	0	0	0	0	
DLG2	0	0	0	0	0	0	0	0	
FOXD4L5	1	0	2	2	0	0	0	0	22.0
PTCH1	0	0	0	0	0	0	0	0	
CFAP77	1	0	0	0	0	0	0	0	33.0
LCN12	0	0	0	0	0	0	0	0	
DCLRE1C	0	0	0	0	0	0	0	0	
NRBF2	0	0	0	0	0	0	0	0	
GRK5	0	0	0	0	0	0	0	0	
MRGPRX1	0	0	0	0	0	0	0	0	
OR10W1	0	0	0	0	0	0	0	0	
ATM	0	0	0	0	0	0	0	0	
NOD1	0	0	0	0	0	0	0	0	
MSANTD2	0	0	0	0	0	0	0	0	
RERG	0	0	0	0	0	0	0	0	
OVCH1	0	0	0	0	0	0	0	0	
FLT3	0	0	0	0	0	0	0	0	
ICE2	0	0	0	0	0	0	0	0	
MYO9A	0	0	0	0	0	0	0	0	
NTRK3	0	0	0	0	0	0	0	0	
CCDC189	0	0	0	0	0	0	0	0	
SHCBP1	0	0	0	0	0	0	0	1	78.33333333333333
PEX1	0	0	0	0	0	0	0	0	
FOXP4	0	0	0	0	0	0	0	0	
NFE2L3	1	0	0	1	0	0	0	0	262.0
ZFP36L2	0	0	0	0	0	0	0	0	
BRAF	0	0	0	0	0	0	0	0	
LINC01242;LINC01243	1	0	1	0	0	0	0	0	60.0
YARS2	0	0	0	0	0	0	0	0	
NOP9	0	0	1	0	0	0	0	0	27.0
MKRN3	0	0	0	0	0	0	0	0	
TCF12	0	0	0	0	0	0	0	0	
METTL16	0	0	0	0	0	0	0	0	
WNT9A	0	0	0	0	0	0	0	0	
OR2T2	0	0	0	0	0	0	0	0	
LYG2	0	0	0	0	0	0	0	0	
VWA7	0	0	0	0	0	1	0	0	37.0
GTF3C3	0	0	1	1	0	0	0	0	225.0
CNTN6	0	0	0	0	0	0	0	0	
FBLN2	0	0	0	0	0	0	0	0	
PTH1R	0	0	0	0	0	0	0	0	
TRH	0	0	0	0	0	0	0	0	
YEATS2	0	0	0	0	0	0	0	0	
GPM6A	0	0	0	0	0	0	0	0	
PDE4D	0	0	0	0	0	0	0	0	
GABRG2	0	0	0	0	0	0	0	0	
DSPP	1	0	1	0	0	0	0	0	139.5
PCDH12	2	0	1	0	0	0	0	0	22.666666666666668
CHD6	1	0	0	0	0	0	0	0	63.0
TAAR5	0	0	0	0	0	0	0	0	
C2orf82	0	0	0	0	0	0	0	0	
FLNB	0	0	0	0	0	0	0	0	
OTOP1	0	0	1	1	0	0	0	0	71.5
CLNK	0	0	0	0	0	0	0	0	
ANK2	0	0	0	0	0	0	0	0	
ADAM29	0	0	0	0	0	0	0	0	
CDH18	0	0	0	0	0	0	0	1	62.0
ARAP3	0	0	0	0	0	0	0	0	
HIST1H3H	0	0	0	0	0	0	0	0	
PRSS58	0	0	0	0	0	0	0	0	
OR2L3	1	0	0	0	0	0	0	0	108.0
DOLK	0	0	0	0	0	0	0	0	
KMT2D	0	0	1	0	0	0	0	0	119.0
MON2	0	0	0	0	0	0	0	0	
KIAA0391	0	0	0	0	0	0	0	0	
PHF23	0	0	0	0	0	0	0	0	
CATSPERG	0	0	0	0	0	0	0	0	
F5	1	0	0	1	0	0	0	0	407.5
MYO1B	0	0	0	0	0	0	0	0	
TRPM8	0	0	0	0	0	0	0	0	
EHBP1	0	0	0	0	0	0	0	0	
FMO1	0	0	0	0	0	0	0	0	
COL6A5	0	0	0	0	0	0	0	0	
ADNP-AS1	1	0	0	0	0	0	0	0	153.0
FBXL3	0	0	0	0	0	0	0	0	
ZNF219	0	0	0	0	0	0	0	0	
CHTF18	0	0	0	0	0	0	0	0	
NPIPA1	0	0	0	0	0	0	0	0	
IGF2BP1	1	0	0	0	0	0	0	0	58.0
LAMA1	0	0	0	0	0	0	0	0	
TICAM1	0	0	0	0	0	0	0	0	
ZNF486	0	0	0	0	0	0	0	0	
SEMG1	0	0	0	0	0	0	0	0	
TRAPPC10	0	0	0	0	0	0	0	0	
ZNF17	0	0	0	0	0	0	0	0	
KIAA1211L	0	0	0	0	0	0	0	0	
AGFG1	0	0	0	0	0	0	0	1	65.33333333333333
PDE6B	0	0	0	0	0	0	0	0	
CALCOCO1	0	0	0	0	0	0	0	0	
RIN3	0	0	0	0	0	0	0	0	
DNAH2	0	0	0	0	0	0	0	0	
ELOA3B;TCEB3C	0	0	0	0	0	0	0	0	
ZNF253	0	0	0	0	0	0	0	0	
ZNF71	0	0	0	0	0	0	0	0	
DNAH12	0	0	0	0	0	0	0	0	
SPATA7	0	0	0	0	0	0	0	0	
C11orf94	0	0	0	0	0	0	0	0	
ADAM2	0	0	0	0	0	0	0	0	
CCDC73	0	0	0	0	0	0	0	0	
CMTR2	0	0	0	0	0	0	0	0	
FMO5	0	0	0	0	0	0	0	0	
RYR2	0	0	0	0	0	0	0	0	
PEX13	0	0	0	0	0	0	0	0	
CNNM4	0	0	0	0	0	0	0	0	
VWA3B	0	0	0	0	0	0	0	0	
HDAC4	0	0	0	0	0	0	0	0	
VWDE	0	0	0	0	0	0	0	0	
KIAA2026	0	0	0	0	0	0	0	0	
KIAA1324L	0	0	0	0	0	0	0	0	
MED13L	0	0	0	0	0	0	0	0	
MYH4	0	0	0	0	0	0	0	0	
UPRT	0	0	0	0	0	0	0	0	
TECPR1	1	0	0	0	0	0	0	0	47.0
ARHGAP21	1	0	1	0	1	0	0	0	42.333333333333336
CDH5	1	0	0	0	0	0	0	0	114.0
HSD11B2	1	0	0	0	0	0	0	0	90.0
PTRH2	1	0	0	0	0	0	0	0	110.0
MCM3AP	1	0	0	0	0	0	0	0	89.0
MUC2	0	0	0	0	0	0	0	0	
INPP4A	0	0	0	0	0	0	0	0	
CD180	0	0	0	0	0	0	0	0	
NRAP	0	0	0	0	0	0	0	0	
PACSIN1	0	0	0	0	0	0	0	0	
SEMG2	0	0	0	0	0	0	0	0	
RRP7A	0	0	0	0	0	0	0	0	
DENND4B	1	0	0	0	0	0	0	0	134.0
KIAA1211	0	0	0	0	0	0	0	0	
ADAMTS6	0	0	0	0	0	0	0	0	
TMEM63B	0	0	0	0	0	0	0	0	
SSMEM1	0	0	0	0	0	0	0	0	
EIF3H	0	0	0	0	0	0	0	0	
SBF2	0	0	1	0	0	0	0	0	59.0
CD1A	0	0	0	0	0	0	0	0	
OR6T1	0	0	0	0	0	0	0	0	
HNRNPA1P10	2	0	0	0	0	0	0	0	43.0
SETBP1	0	0	0	0	0	0	0	0	
LOC102723709;FAM27E2	0	0	1	0	0	0	0	0	28.0
SERPINA3	0	0	0	0	0	0	0	0	
SPEN	0	0	0	0	0	0	0	0	
CACNA1B	0	0	0	0	0	0	0	0	
IFIT3	0	0	0	0	0	0	0	0	
PHKA1	0	0	0	0	0	0	0	0	
DIAPH3	0	0	0	0	0	0	0	0	
GPSM1	0	0	0	0	0	0	0	0	
HIST2H2AB	0	0	1	0	0	0	0	0	39.0
NLRP2	0	0	1	0	0	0	0	0	53.0
ZFR	0	0	1	0	0	0	0	0	145.0
KMT2C	0	0	1	0	0	0	0	0	113.0
JAK2	0	0	1	0	0	0	0	0	29.0
IPPK	0	0	1	0	0	0	0	0	104.0
TBC1D2B	1	0	2	0	0	0	0	0	57.333333333333336
CHRNA3	0	0	1	0	0	0	0	0	80.0
ZNF710	0	0	1	0	0	0	0	0	30.0
PRDM7;FAM157B	1	0	1	0	0	0	0	0	192.0
MUC16	0	0	2	0	0	0	0	0	263.5
TPTE	0	0	1	0	0	0	0	0	281.0
MPP1	0	0	1	0	0	0	0	0	63.0
COL6A2	0	0	1	1	0	0	0	0	20.0
CDC42EP1	0	0	1	0	0	0	0	0	16.0
ZNF81	0	0	1	0	0	0	0	0	86.0
VPS13D	0	0	1	0	0	0	0	0	40.0
MUC4	1	0	1	0	0	0	0	0	102.5
HOXA10	0	0	1	0	0	0	0	0	76.0
CACNA2D1	0	0	1	0	0	0	0	0	220.0
SLC12A9	0	0	1	0	0	0	0	0	96.0
DPYS	0	0	1	0	0	0	0	0	226.0
HGFAC	0	0	1	0	0	0	0	0	23.0
MOSPD2	0	0	1	0	0	0	0	0	23.0
OR1E1	0	0	1	0	0	0	0	0	78.0
HCAR2	0	0	1	0	0	0	0	0	313.0
KIAA1841	0	0	1	0	0	0	0	0	105.0
ANKRD36	0	0	1	0	0	0	0	0	118.0
CHST13	0	0	1	0	0	0	0	0	20.0
ACAD11	0	0	1	0	0	0	0	0	54.0
AQP7	0	0	4	0	1	0	0	0	167.3
PRSS3	0	0	2	0	0	0	0	0	100.0
UNC5B	0	0	1	0	0	0	0	0	110.0
OR2D3	0	0	1	0	0	0	0	0	56.0
OAS2	0	0	1	0	0	0	0	0	68.0
CACNB1	0	0	1	0	0	0	0	0	15.0
LAMA3	0	0	1	0	0	0	0	0	132.0
GATA1	0	0	1	0	0	0	0	0	81.0
ANKMY1	0	0	1	0	0	0	0	0	31.0
TRNT1	0	0	1	0	0	0	0	0	105.0
ENPP1	0	0	1	0	0	0	0	0	168.0
MLLT10	0	0	1	0	0	0	0	0	24.0
EHD1	0	0	1	0	0	0	0	0	110.0
DPP3	0	0	1	0	0	0	0	0	38.0
ISLR2	0	0	1	0	0	0	0	0	85.0
TXNDC2	0	0	1	0	0	0	0	0	121.0
VPS4A	0	0	1	0	0	0	0	0	92.0
ZNF578	0	0	1	0	0	0	0	0	136.0
RBPJL	0	0	1	0	0	0	0	0	79.0
KRTAP1-5	0	0	1	0	0	0	0	0	712.0
INTU	0	0	1	0	0	0	0	0	260.0
ADAMTS16	0	0	1	0	0	0	0	0	31.0
ZNF746	0	0	1	0	0	0	0	0	126.0
C8orf34	0	0	1	0	0	0	0	0	83.0
ATAD2	0	0	1	0	0	0	0	0	264.0
INPP5E	0	0	2	0	0	0	0	0	219.0
NOTCH1	0	0	1	0	0	0	0	0	21.0
KRT76	1	0	1	0	0	0	0	0	107.5
ALDH6A1	0	0	1	0	0	0	0	0	459.0
HCN2	0	0	1	0	0	0	0	0	98.0
MOGS	0	0	1	0	0	0	0	0	96.0
ZNF737	0	0	2	0	0	0	0	0	215.0
AMER3	0	0	1	0	0	0	0	0	303.0
LRTM1	0	0	1	0	0	0	0	0	301.0
KIAA0319	0	0	1	0	0	0	0	0	221.0
MUC17	0	0	2	0	0	0	0	0	164.0
POLR3A	0	0	1	0	0	0	0	0	445.0
LINC00477	0	0	1	0	0	0	0	0	291.0
CAMKK2	0	0	1	0	0	0	0	0	94.0
GATM	0	0	1	0	0	0	0	0	440.0
GOLGB1	0	0	1	0	0	0	0	0	269.0
MTR	0	0	1	0	0	0	0	0	646.0
CASZ1	1	0	0	0	0	0	0	0	90.0
FAM182A	1	0	0	0	0	0	0	0	21.0
MAN1C1	0	0	0	0	0	0	1	0	41.5
PCDHB2	1	0	0	0	0	0	1	0	153.0
EPHB6	1	0	0	0	0	0	0	0	112.0
CD72	0	0	0	0	0	0	1	0	36.0
ESRRB	0	0	0	0	0	0	1	0	132.5
SHF	0	0	0	0	0	0	1	0	51.0
MFGE8	0	0	0	0	0	0	1	0	165.5
ALOX15	3	0	0	0	0	0	0	0	57.0
KRT36	0	0	0	0	0	0	1	0	62.5
BCOR	1	0	1	0	0	0	0	0	61.0
CR1	0	0	1	0	0	0	0	0	633.0
ETV5	1	0	0	0	0	0	0	0	160.0
ANKRD34B	1	0	0	0	0	0	0	0	109.0
TMEM132B	3	0	0	0	0	0	0	0	80.66666666666667
POMT2	1	0	0	0	0	0	0	0	318.0
CDC42BPB	1	0	0	0	0	0	0	0	122.0
FLII	1	0	0	0	0	0	0	0	105.0
KIR2DS4	1	0	1	0	1	0	0	0	80.16666666666667
GPR50	1	0	0	0	0	0	0	0	58.0
VANGL1	0	0	1	0	0	0	0	0	396.0
NUDT7	0	0	1	0	0	0	0	0	21.0
